<?xml version="1.0" encoding="UTF-8"?>
<project-private xmlns="http://www.netbeans.org/ns/project-private/1">
    <editor-bookmarks xmlns="http://www.netbeans.org/ns/editor-bookmarks/2" lastBookmarkId="0"/>
    <open-files xmlns="http://www.netbeans.org/ns/projectui-open-files/2">
        <group>
            <file>file:/C:/Users/majee/Documents/NetBeansProjects/Cs102_POS_Project/src/cs102_pos_project/Product.java</file>
            <file>file:/C:/Users/majee/Documents/NetBeansProjects/Cs102_POS_Project/src/cs102_pos_project/Discountable.java</file>
            <file>file:/C:/Users/majee/Documents/NetBeansProjects/Cs102_POS_Project/src/cs102_pos_project/Test.java</file>
            <file>file:/C:/Users/majee/Documents/NetBeansProjects/Cs102_POS_Project/src/cs102_pos_project/MyCart.java</file>
            <file>file:/C:/Users/majee/Documents/NetBeansProjects/Cs102_POS_Project/src/cs102_pos_project/MySale.java</file>
            <file>file:/C:/Users/majee/Documents/NetBeansProjects/Cs102_POS_Project/src/cs102_pos_project/Cart.java</file>
            <file>file:/C:/Users/majee/Documents/NetBeansProjects/Cs102_POS_Project/src/cs102_pos_project/GroceryStore.java</file>
            <file>file:/C:/Users/majee/Documents/NetBeansProjects/Cs102_POS_Project/src/cs102_pos_project/MyGroceryStore.java</file>
            <file>file:/C:/Users/majee/Documents/NetBeansProjects/Cs102_POS_Project/src/cs102_pos_project/Sale.java</file>
        </group>
    </open-files>
</project-private>
